"variable","before","se_mean","sd","2.5%","25%","50%","75%","97.5%","n_eff","Rhat"
"a",-118.0825901496909,2.2622696985436628,74.86207574921228,-262.0527338736508,-169.61685332142437,-119.70231085806529,-68.9523073783956,34.515442562285635,1095.0525802506452,1.000185950208561
"b",21.859441571842222,0.049859555689678405,1.664432016452212,18.382157107580383,20.756732706776646,21.891501919807332,22.996207971284083,24.985053445368084,1114.3851447575871,1.000535355876121
"sigma",86.0642543863377,0.43657990297726174,16.223191204372345,61.200450636286405,74.88051654534404,83.52999436628886,94.69108774739246,126.64577725528149,1380.8455143195185,1.0040005240612861
"lp__",-93.68401402167821,0.04044877957543789,1.352041169050102,-97.23300082723979,-94.28184771305513,-93.33081193700804,-92.70132071988117,-92.14508054794626,1117.2979106115038,1.0051742309478786
